Título,Precio
Tenis Nike Hombre Juniper Trail 3 Fq0904-001,534.950
Tenis Nike Hombre Air Max System Blanco Verde Dz0795-102,575.900
Zapatos Calzado Tenis Botas Zapatilla  Lt Caballero Hombre,98.000
Tenis Nike Revolution 6 Running-gris Oscuro,414.990
Tenis Nike Juniper Trail 2 Gore-tex-negro,649.990
Tenis Nike Sb Chron 2 Canvas-blanco,329.990
Tenis Nike Hombre Juniper Trail 3 Fq0904-001,534.950
Tenis Nike Hombre Air Max System Blanco Verde Dz0795-102,575.900
Tenis Nike Air Jordan 1 Low-blanco,724.990
Tenis Nike Free Metcon 5-negro,699.990
Tenis Jordan Max Aura 5 Brand-negro,799.990
Tenis Jordan Stay Loyal 3 Remix-negro,654.990
Tenis Hombre Nike Court Legacy Next Nature,415.950
Tenis Hombre Nike Air Zoom Tr 1,699.950
Tenis Jordan Max Aura 5-negro/gris,744.990
Tenis Jordan Mvp Remix-negro,934.990
Tenis Jordan Stay Loyal 3 Remix-blanco/negro,654.990
Zapatillas De Tenis Zapatillas De Baloncesto 2023,178.946
Tenis Jordan Nu Retro 1-multicolor,594.990
Tenis Nike Hombre Air Max Solo Dx3666-100 Negro,576.900
Tenis Hombre Nike Vomero 17,889.950
Tenis Nike Flex Experience Run 10,539.990
Tenis Nike Cortez Txt Or-verde,529.990
Tenis Nike Renew Run 4-negro/rojo,489.990
Tenis Nike Cortez Sportswear-negro,529.990
Tenis Nike Renew Run 4-negro,489.990
Tenis Nike  Air Max Sc-gris/rojo,464.990
Tenis Nike Running Swift 3-gris,409.990
Tenis Nike In-season Training-negro,479.990
Tenis Nike Hombre Dm9537-007 Air Max Systm,431.960
Tenis Nike M Air Max Alpha Trainer 6-negro/blanco,519.990
Tenis Nike Court Vision Mid Nn-negro,459.990
Tenis Nike Court Vision Mid Nn-blanco,459.990
Tenis Nike Quest 5 Core Running-negro,419.990
Tenis Nike Hombre Blazer Mid 77 Jumbo Blanco,604.900
Tenis Nike Court Vision Mid Next Nature-negro,499.990
Tenis Nike Hombre Air Max Systm Ncps Gris Verde,546.900
Tenis Nike Air Winflo 10 Se-blanco,574.990
Tenis Nike Zoom Vapor Pro 2 Hc-negro,704.990
Tenis Hombre Nike Air Zoom Pegasus 40,699.950
Tenis Hombre Nike Tanjun,389.950
Tenis Nike Hombre Basketball Precision 6 Azul Verde,438.900
Tenis Nike Basketball Hombre Giannis Immortality4 Fq3680-301,489.950
"Zapatillas Deportivas Tenis Casual Running Original Unisex,k",210.261
Tenis Nike Hombre Legend Essential 3 Negro Verde,392.900
Tenis Nike Basketball Hombre Precision Vii Fn4322-101,419.950
Ref.bq6806-100 Nike Tenis Hombre Blazer Mid  77 Vntg,604.950
Zapatos De Baloncesto Y Zapatillas Deportivas De Moda,156.577
Tenis Hombre Nike Pegasus Shield,804.950
Zapatos De Man Cómodos Originales Transpirables Delgados,129.735
